{
    "pred_cam_t_full": [
        -0.5071098804473877,
        -0.1025763675570488,
        83.1591567993164
    ],
    "scaled_focal_length": 37500.0,
    "is_right": false,
    "pred_mano_params": {
        "global_orient": [
            [
                [
                    0.5850480198860168,
                    -0.5611017346382141,
                    0.5855627059936523
                ],
                [
                    0.6110120415687561,
                    -0.1698121428489685,
                    -0.7731934785842896
                ],
                [
                    0.5332759022712708,
                    0.8101410865783691,
                    0.24349166452884674
                ]
            ]
        ],
        "hand_pose": [
            [
                [
                    0.9933325052261353,
                    -0.09946303069591522,
                    -0.05828934535384178
                ],
                [
                    0.09771167486906052,
                    0.994694709777832,
                    -0.032169923186302185
                ],
                [
                    0.06117982044816017,
                    0.026259878650307655,
                    0.9977812767028809
                ]
            ],
            [
                [
                    0.9905727505683899,
                    0.12106809765100479,
                    0.06409520655870438
                ],
                [
                    -0.10921457409858704,
                    0.9803997874259949,
                    -0.1639770120382309
                ],
                [
                    -0.08269131183624268,
                    0.15543101727962494,
                    0.9843797087669373
                ]
            ],
            [
                [
                    0.9989019632339478,
                    0.025184018537402153,
                    -0.03950481861829758
                ],
                [
                    -0.027959350496530533,
                    0.9970592856407166,
                    -0.0713508129119873
                ],
                [
                    0.03759175166487694,
                    0.07237699627876282,
                    0.9966685771942139
                ]
            ],
            [
                [
                    0.9833045601844788,
                    -0.17263969779014587,
                    -0.05751226469874382
                ],
                [
                    0.16437071561813354,
                    0.9782801270484924,
                    -0.12629476189613342
                ],
                [
                    0.07806658744812012,
                    0.11473288387060165,
                    0.9903241991996765
                ]
            ],
            [
                [
                    0.9878882765769958,
                    0.154876708984375,
                    -0.009486655704677105
                ],
                [
                    -0.1480986624956131,
                    0.9593656063079834,
                    0.24017542600631714
                ],
                [
                    0.04629874974489212,
                    -0.23586151003837585,
                    0.9706830978393555
                ]
            ],
            [
                [
                    0.9996742606163025,
                    -0.024515848606824875,
                    0.0070920600555837154
                ],
                [
                    0.02478988841176033,
                    0.9988288283348083,
                    -0.04155050963163376
                ],
                [
                    -0.006065107882022858,
                    0.04171278700232506,
                    0.9991112351417542
                ]
            ],
            [
                [
                    0.9970219731330872,
                    -0.04296853393316269,
                    0.06403739005327225
                ],
                [
                    0.050198860466480255,
                    0.991985559463501,
                    -0.11595149338245392
                ],
                [
                    -0.058541905134916306,
                    0.11882080137729645,
                    0.9911883473396301
                ]
            ],
            [
                [
                    0.9792434573173523,
                    0.05836203694343567,
                    -0.19410334527492523
                ],
                [
                    -0.023742495104670525,
                    0.9840842485427856,
                    0.1761096566915512
                ],
                [
                    0.20129214227199554,
                    -0.1678457260131836,
                    0.9650437235832214
                ]
            ],
            [
                [
                    0.9919905066490173,
                    -0.10080070793628693,
                    0.07611849904060364
                ],
                [
                    0.09337704628705978,
                    0.9910411834716797,
                    0.0954890176653862
                ],
                [
                    -0.0850619226694107,
                    -0.08761648088693619,
                    0.9925159215927124
                ]
            ],
            [
                [
                    0.9896148443222046,
                    -0.11816751211881638,
                    -0.08184663951396942
                ],
                [
                    0.10140187293291092,
                    0.9774612188339233,
                    -0.1851678192615509
                ],
                [
                    0.10188274830579758,
                    0.1749454289674759,
                    0.9792925119400024
                ]
            ],
            [
                [
                    0.9929033517837524,
                    0.11372069269418716,
                    -0.03479134663939476
                ],
                [
                    -0.1007387563586235,
                    0.9597564935684204,
                    0.26214349269866943
                ],
                [
                    0.06320235878229141,
                    -0.2567783296108246,
                    0.9644015431404114
                ]
            ],
            [
                [
                    0.9899458885192871,
                    -0.1103375032544136,
                    0.08850274980068207
                ],
                [
                    0.10412055999040604,
                    0.991952121257782,
                    0.07204063981771469
                ],
                [
                    -0.09573928266763687,
                    -0.06210138276219368,
                    0.9934673309326172
                ]
            ],
            [
                [
                    0.9802748560905457,
                    0.19745269417762756,
                    0.008581514470279217
                ],
                [
                    -0.16224797070026398,
                    0.828772783279419,
                    -0.5355477333068848
                ],
                [
                    -0.11285746097564697,
                    0.5235916376113892,
                    0.8444614410400391
                ]
            ],
            [
                [
                    0.9336421489715576,
                    -0.27595818042755127,
                    0.22838415205478668
                ],
                [
                    0.12491574883460999,
                    0.8483783006668091,
                    0.5144416689872742
                ],
                [
                    -0.33572056889533997,
                    -0.4517757296562195,
                    0.8265532851219177
                ]
            ],
            [
                [
                    0.9863012433052063,
                    -0.16489370167255402,
                    0.004470307379961014
                ],
