{
    "pred_cam_t_full": [
        -0.9922436475753784,
        -0.09398645907640457,
        79.14472198486328
    ],
    "scaled_focal_length": 37500.0,
    "is_right": true,
    "pred_mano_params": {
        "global_orient": [
            [
                [
                    0.6156612634658813,
                    -0.3526309132575989,
                    0.7047075033187866
                ],
                [
                    0.6635194420814514,
                    -0.25044187903404236,
                    -0.7049970626831055
                ],
                [
                    0.42509210109710693,
                    0.9016264081001282,
                    0.07979010045528412
                ]
            ]
        ],
        "hand_pose": [
            [
                [
                    0.992013156414032,
                    -0.07161596417427063,
                    -0.10383208841085434
                ],
                [
                    0.07143367826938629,
                    0.9974302649497986,
                    -0.005477972328662872
                ],
                [
                    0.10395758599042892,
                    -0.001982887275516987,
                    0.9945797324180603
                ]
            ],
            [
                [
                    0.9939406514167786,
                    0.09778662025928497,
                    0.05019749701023102
                ],
                [
                    -0.08507313579320908,
                    0.9735549688339233,
                    -0.2120218575000763
                ],
                [
                    -0.06960291415452957,
                    0.2064666748046875,
                    0.9759748578071594
                ]
            ],
            [
                [
                    0.9998951554298401,
                    -0.01364036463201046,
                    -0.004857286810874939
                ],
                [
                    0.013555441983044147,
                    0.9997619390487671,
                    -0.01709756627678871
                ],
                [
                    0.005089346785098314,
                    0.017029931768774986,
                    0.9998420476913452
                ]
            ],
            [
                [
                    0.9864909052848816,
                    -0.1575959473848343,
                    -0.044712234288454056
                ],
                [
                    0.15041488409042358,
                    0.979518473148346,
                    -0.13386133313179016
                ],
                [
                    0.06489246338605881,
                    0.12532760202884674,
                    0.9899908304214478
                ]
            ],
            [
                [
                    0.9892523288726807,
                    0.1442783772945404,
                    -0.023734793066978455
                ],
                [
                    -0.13458506762981415,
                    0.9619233012199402,
                    0.237887442111969
                ],
                [
                    0.057153090834617615,
                    -0.23213641345500946,
                    0.9710025787353516
                ]
            ],
            [
                [
                    0.9978686571121216,
                    -0.062346987426280975,
                    0.019257519394159317
                ],
                [
                    0.06348837167024612,
                    0.9958105683326721,
                    -0.06580670177936554
                ],
                [
                    -0.015073992311954498,
                    0.06688908487558365,
                    0.9976464509963989
                ]
            ],
            [
                [
                    0.9990978837013245,
                    0.03549652919173241,
                    0.023312924429774284
                ],
                [
                    -0.030621599406003952,
                    0.9825118184089661,
                    -0.18366505205631256
                ],
                [
                    -0.029424691572785378,
                    0.18278548121452332,
                    0.98271244764328
                ]
            ],
            [
                [
                    0.9787068963050842,
                    0.09722412377595901,
                    -0.18077677488327026
                ],
                [
                    -0.05619858577847481,
                    0.9739778637886047,
                    0.2195647805929184
                ],
                [
                    0.19741959869861603,
                    -0.20473016798496246,
                    0.9587026834487915
                ]
            ],
            [
                [
                    0.9882037043571472,
                    -0.14111210405826569,
                    0.059506192803382874
                ],
                [
                    0.132570281624794,
                    0.9827530384063721,
                    0.1289248764514923
                ],
                [
                    -0.0766727402806282,
                    -0.11951526254415512,
                    0.9898674488067627
                ]
            ],
            [
                [
                    0.9880175590515137,
                    -0.10136713087558746,
                    -0.11638741195201874
                ],
                [
                    0.07529857754707336,
                    0.9748368263244629,
                    -0.20981736481189728
                ],
                [
                    0.13472731411457062,
                    0.19853943586349487,
                    0.9707887172698975
                ]
            ],
            [
                [
                    0.9953173398971558,
                    0.08444973081350327,
                    -0.04702739417552948
                ],
                [
                    -0.0688713863492012,
                    0.9609537124633789,
                    0.26800134778022766
                ],
                [
                    0.06782379001379013,
                    -0.26350754499435425,
                    0.9622700810432434
                ]
            ],
            [
                [
                    0.982695996761322,
                    -0.1458519697189331,
                    0.11417479068040848
                ],
                [
                    0.13845618069171906,
                    0.9878726005554199,
                    0.07026799023151398
                ],
                [
                    -0.1230388730764389,
                    -0.053243860602378845,
                    0.9909725785255432
                ]
            ],
            [
                [
                    0.9732369780540466,
                    0.22670654952526093,
                    0.037600018084049225
                ],
                [
                    -0.18183533847332,
                    0.8597582578659058,
                    -0.47723326086997986
                ],
                [
                    -0.14051887392997742,
                    0.4576241374015808,
                    0.8779717683792114
                ]
            ],
            [
                [
                    0.9401979446411133,
                    -0.297687292098999,
                    0.16555960476398468
                ],
                [
                    0.19075164198875427,
                    0.86281818151474,
                    0.4681437611579895
                ],
                [
                    -0.28220829367637634,
                    -0.4085671007633209,
                    0.8680042028427124
                ]
            ],
            [
                [
                    0.9633702635765076,
                    -0.26464879512786865,
                    -0.043344542384147644
                ],
